Campaign,Ad Group,Keyword,Criterion Type,Status,Final URL
Search | Poznan | Fotografia B2B | 5 zl,Wizerunek i fotografia biznesowa | Poznan,fotograf biznesowy poznań,Exact,Enabled,https://szabunia.pl/
Search | Poznan | Fotografia B2B | 5 zl,Wizerunek i fotografia biznesowa | Poznan,fotografia biznesowa poznań,Exact,Enabled,https://szabunia.pl/
Search | Poznan | Fotografia B2B | 5 zl,Wizerunek i fotografia biznesowa | Poznan,sesja biznesowa poznań,Exact,Enabled,https://szabunia.pl/
Search | Poznan | Fotografia B2B | 5 zl,Wizerunek i fotografia biznesowa | Poznan,zdjęcia biznesowe poznań,Exact,Enabled,https://szabunia.pl/
Search | Poznan | Fotografia B2B | 5 zl,Wizerunek i fotografia biznesowa | Poznan,sesja wizerunkowa poznań,Exact,Enabled,https://szabunia.pl/
Search | Poznan | Fotografia B2B | 5 zl,Wizerunek i fotografia biznesowa | Poznan,zdjęcia firmowe poznań,Exact,Enabled,https://szabunia.pl/
Search | Poznan | Fotografia B2B | 5 zl,Wizerunek i fotografia biznesowa | Poznan,fotograf dla firm poznań,Exact,Enabled,https://szabunia.pl/
Search | Poznan | Fotografia B2B | 5 zl,Wizerunek i fotografia biznesowa | Poznan,zdjęcia dla firm poznań,Exact,Enabled,https://szabunia.pl/
Search | Poznan | Fotografia B2B | 5 zl,Wizerunek i fotografia biznesowa | Poznan,fotograf firmowy poznań,Exact,Enabled,https://szabunia.pl/
Search | Poznan | Fotografia B2B | 5 zl,Wizerunek i fotografia biznesowa | Poznan,headshot poznań,Exact,Enabled,https://szabunia.pl/
Search | Poznan | Fotografia B2B | 5 zl,Wizerunek i fotografia biznesowa | Poznan,zdjęcia do linkedin poznań,Exact,Enabled,https://szabunia.pl/
Search | Poznan | Fotografia B2B | 5 zl,Fotografia produktowa | Poznan,fotografia produktowa poznań,Exact,Enabled,https://szabunia.pl/
Search | Poznan | Fotografia B2B | 5 zl,Fotografia produktowa | Poznan,zdjęcia produktowe poznań,Exact,Enabled,https://szabunia.pl/
Search | Poznan | Fotografia B2B | 5 zl,Wizerunek i fotografia biznesowa | Poznan,fotograf biznesowy,Phrase,Enabled,https://szabunia.pl/
Search | Poznan | Fotografia B2B | 5 zl,Wizerunek i fotografia biznesowa | Poznan,fotografia biznesowa,Phrase,Enabled,https://szabunia.pl/
Search | Poznan | Fotografia B2B | 5 zl,Wizerunek i fotografia biznesowa | Poznan,sesja biznesowa,Phrase,Enabled,https://szabunia.pl/
Search | Poznan | Fotografia B2B | 5 zl,Wizerunek i fotografia biznesowa | Poznan,zdjęcia biznesowe,Phrase,Enabled,https://szabunia.pl/
Search | Poznan | Fotografia B2B | 5 zl,Wizerunek i fotografia biznesowa | Poznan,portret biznesowy,Phrase,Enabled,https://szabunia.pl/
Search | Poznan | Fotografia B2B | 5 zl,Fotografia produktowa | Poznan,fotografia produktowa,Phrase,Enabled,https://szabunia.pl/
Search | Poznan | Fotografia B2B | 5 zl,Fotografia produktowa | Poznan,zdjęcia produktowe,Phrase,Enabled,https://szabunia.pl/
Search | Poznan | Fotografia B2B | 5 zl,Fotografia produktowa | Poznan,packshot,Phrase,Enabled,https://szabunia.pl/
